ASV_id	ASV	R1F1-S66	R1F2-S300	R1F3-S90	Y2A15-2M-06-S78	Y2A15-2M-12-S77	Y3-R1F4-S136	Kingdom	Phylum	Class	Order	Family	Genus	Species	Kingdom_Boot	Phylum_Boot	Class_Boot	Order_Boot	Family_Boot	Genus_Boot
asv1	CTTTCGGAGTGGGTGCCTCTTGCGGTTTGGCCTTTTTGGCTTGGTCCAGCCATGCCTGACGGGTTGAGTGGTCGACGGGGCACGCGGTGGCGGCAGATCCTTCTTCGGCCATGTTTGATAAATATCCTGGTAGTTATGATGACTTTCACATGCGAGAGACAAAAAGTTGTAGGCTTGGTCGGCGGAGGACGGGGACTTGGCGCCACTTCGTCCAAGCTCCATGTCGCGTCACTGCGCTTGACTTGCAGCTGCCATATCCATCCATCACCACCAAAAGACAGC	0	0	20	0	0	0	Eukaryota	NA	NA	NA	NA	NA		74	6	4	4	4	4
asv2	CCAACTGCGCAAAATCCCAACAAGTGCCATCCTTATCAGCGAAATCAGCCTCGGGCGTGACATGGAAACTAACGATGCTGTAAGGCAACGTGCCGCATCTGCCCTCGGACTCGCTCCAGCAACTGAAGCCGTACCAATCGACCAAGGTCTCGTTGCTCGAGGAATCGACTTCGGTACAATTTTTGCCGCCGTACAGAGTGACGAGTCGTTCGGCAAAATGGCCAGGCTTGTACTTATCCTCACCGTCATCATTGAGCACGTGCTGTCG	0	0	19	0	0	0	Eukaryota	NA	NA	NA	NA	NA		65	7	7	5	4	4
asv3	TGCCGGTGGAGTTGGAGAAAGCAGAGGCACCAGCGGCAAGAGCCAGGGCAGCGGCGGCAACAGTGAACTGCATTTTGAATATTTAAGGGTGGTGGTTTGGTTTTGCGAAAGGGCGAGTTATTATATTAGGGTAGTTGCTGAAGCGAGTGTAAGACCGAAGTCGAGAGTGGTTGATTAGCGAATGTAGTGGATGAAGAAAAGAAATTCCTCTCCAGAGGCAATCATGAGTCTTTATATACCAGAGTTGCATGGTCAAGTGTTTGGTTGCATTGACCCTTGGCGTAAGCCTCATTCGTGAGCCGGCTCATCCGCTAATTGCTAGTGGCCTCGCCTGGGTCCCAGCAAAATCTGTCGAGGAAGCCCTG	0	0	16	0	0	0	Eukaryota	NA	NA	NA	NA	NA		79	19	12	2	2	2
asv4	TCGCGGCAATACGAGGAAGACTAGTGTTATTCATCTTTATTAGGTTTAAAGGGTACCTAGACGGCATATCAAGCCCCAAAAGGGAACAGATATACTAGAGTTTTATGTGAGAGGTATATATTAGTACTCTTGGTGTAGAGATAAAATTCTTTAATACTAATAGGACGGATAAGAGCAAAAGCAAACCTTTATGTATAAACTGACGTTGAGGGACGAAGGCTTGGGTCGCGAATAGGATTA	0	0	15	0	0	0	Bacteria	Proteobacteria	Alphaproteobacteria	Rickettsiales	Mitochondria	NA		95	94	94	94	94	94
asv5	TCGCGGCAATACAAGGAAGACTAGTGTTATTCATCTTAATTAGGTTTAAAGGGTACCTAGACAGTATTTCTAGCCTCAAAAGGGAACAGACTTACTAGAGTTTTATGTGAGAGGAAAATATTAGAACCATTGGAGTAGAGATAAAATGTTTTGATACTAGTGGGACGGATAGCGGCGAAGGCAAACCTCTATGTAATAACTGACGTTGAGGGACGAAGGCTTGGGGAGCGAATAGGATTA	0	0	14	0	0	0	Bacteria	Proteobacteria	Alphaproteobacteria	Rickettsiales	Mitochondria	NA		86	81	81	81	81	81
asv6	CGCTGATGACCATGATGATGCCGAGTAGAGGACTGGCGAGCGCGGTGCGTCAAGGCGCTCGTCTGAACCGCAGATTTGTACGTGGTATGCGCACAGAGGATCGAACTCTCAACTCACCAGACTCCAGATCTCGACGCCTTCAAGGCCGCTCGCTGCTCTCAATTCGCGCTCCACCGGTCGTCTTTTCCAGGCTTCTGCCGTCTCATTAGCCCTACATGCTCGTCTTGCCTCGACATCGGCCCCTGCGGCCCAGACCGCTGCACCTCTCTCTCCCGCCGCCGCTACCACGACACCACCGCCGACATCCCCCACTGATGCCCTCGCAACCAACAGCAATCCCTTTGACATTGGCGAGGTCAGCGAGTTCGGACTGAACATGCCCGAGA	0	0	12	0	0	0	Eukaryota	NA	NA	NA	NA	NA		84	9	9	9	9	9
asv7	TAATGAATCTTCCACAATGCACGAAAGTGTGATGGAGCGACGCCGAGTGAAGGTTAAGTCCTTCGGGATGTAAACTTCTGAAACCTGTTAGAAAGTTCTGATCAGCAGGATAAAAGTGGCGACTAACTCTGTGCCAGCAGTCGCGGTAATACAGAGGCCACGAGCGTTAGGCGGAATCACTGGGCTTAAAGCGCGTGTAGGCGGATGCCTAAGTACCTTGTGAAATCCCACAGCTCAACTGTGGAAATGCTCGGTATACTGGGTGTCTTGAGGTGCTCAGGGGCGAGCGGAACAGACGGTGGAGCGGTGAAATGCGTAGATATCGTCTGGAACGCCAATGGTGAAGACAGCTCGCTGGGGGCATACTGACGCTGAGACGCGAAAGCCAGGGGATCAAAGG	0	11	0	0	0	0	Bacteria	Planctomycetota	Phycisphaerae	Tepidisphaerales	Tepidisphaeraceae	NA		100	100	100	100	100	100
asv8	TCGCGGCAACACAAGTGAGACTAGTGTTATTCATCTTTATTAGGTTTAAAGGGTACCTAGACGGTAAATTGGGCCCCAAAAGGTACAGATTTGCTAGAGTTTGATGGGAGAGGTAAATATTAGGACTATTGGTGTAGAGATGAAATTCTGTGATACTAATGGAATGTATAACGGCGAAGACAAACCTCTATGTATAAACTGACGTTAAGGGACGAAGGCTTGGGGAGCGAATAGGATTAG	0	0	0	11	0	0	Bacteria	Proteobacteria	Alphaproteobacteria	Rickettsiales	Mitochondria	NA		92	90	90	90	89	89
asv9	TAGAGCCTACTGCGGAAGCAGCAGTATTTACGGTCGATGAGACCTGAGTTGTGACTTGAGGTGTGATCCTGAACGAAAGAGCGTTTGAAAACAGCGAGATGAGACTATTCAAGCTTCTCTTGACCTTGCTGCTGCTGGACGAGCTGCTACTGGCGCCGACTGCATAAGCAGAAGAGACGATGTTAGTCATGTCTTGAGAAACGCCGCTCGTCCAGTCTGCGACCCATCTGGTGTTGAACTCTCCCACTCCATCAATGTTGTAATAACAGTTCGAGTAGACTCCT	0	0	8	0	0	0	Eukaryota	NA	NA	NA	NA	NA		81	13	13	10	10	5
asv10	AAGAGGCGGAAGAGGCAGCCGATGAGGCCTTGGACGATGCGGAGGAAGCACCCGAGGAGGCCTTAGATGCAGCAGAGGAAGCACCCGAGGAAGCCTTGGAGGAGGCGCTGCTGAGACCGCTGCTAGCGGAGCTCAAGGCAGAGGAGGCAGAGTTTTGAAGGGCAGCAGCCTCAGAAGAGTATGAGCTCTTGGCGGAGCCAGTGGCAGTCGAGGCAGCCGATGAGAGAGAGGCCAAGCGGGAGCTGATACCGGCGCTCTGAGAAGAGAGAGCAACTGAGGC	0	0	7	0	0	0	NA	NA	NA	NA	NA	NA		28	16	15	15	9	9
asv11	AGGCTCAGGAGCAGCTGGCGCGTGAACGGCAACAGACCGAACAACTGCTCAACGACGTTAAGCAGCGCCTGCACACCCCCGTACAGGACGATGCTACGGAGCTGCCGGTAGGGCTCGGCCTGGAGCCCACCCAAGAGTCGACGGCTGAAGCACCACTGCGCTGGATTGAACCGAGCGATGTGCCACCTGACGCTCCGCCCAGCAAGAGCCAGGCGCATCCACTGCAGCTGGGATTAGATACC	0	0	7	0	0	0	NA	NA	NA	NA	NA	NA		18	14	14	10	10	4
asv12	CGGTAATACGTAGGGTCCGAGCGTTGTCCGGAATTATTGGGCGTAAAGGGCTCGTAGGCGGTTTGTCGCGTCGGGAGTGAAAACTCAGGGCTTAACCCTGAGCGTGCTTCCGATACGGGCAGACTAGAGGTATGCAGGGGAGAACGGAATTCCTGGTGTAGCGGTGGAATGCGCAGATATCAGGAGGAACACCGGTGGCGAAGGCGGTTCTCTGGGCATGACCTGACGCTGAGGAGCGAAAGCATGGGGAGCGAACA	0	5	0	0	0	0	Bacteria	Actinobacteriota	Actinobacteria	Propionibacteriales	Nocardioidaceae	Aeromicrobium		100	100	100	100	100	99
asv13	CGCCTCAATCCCGACCAGACTGCCACGGTGCACCTGCTCGTCTACCAGGACACGGTGGACGCGTACTGGCTGCAGCAGGCGTTGGCCGCCTTTGACCCGGCTAACATTTCCTACATGGATGCCACGGACTTTGAGCCGCCGATAGCCGGGTCGTGCGCTTAGCGGTTCACGACCCCCTGAGTAATTCCCCGTTGCCTGTAGCAAGCGTATGTGCCGCTGGCTGGCGACAGGGCCGTAGTCCCCTAGTTGAGTAGTTTGGATGGGAGCAGGCCAATCAGGTAGCTGGATAGGTGCGTAGCGCAGTTCGTAGGCAGAGCCGGTTGCACGCACGGGATACGTGCATTCCCGCCAGGTCGGTCCTTACCCGAATGTG	0	0	5	0	0	0	Eukaryota	NA	NA	NA	NA	NA		68	8	8	8	8	8
asv14	AGTCGGCACCAGCGGCGGCATCTTCGTCTTCATCGTCGGAGTAGTTTTCGGTTTTTTGCTTCTTGTTTCCAGATTGCTCGAAGAGCACATCGCGCTCGGCCTGAATTTTGATCTGCTTGTGTTCCAAGGGAGTCAAGACACTGGCGCCACCACGGGGAAAGGCACGTTCTTCTTGCTGCAGGATGGAAGCCTTGACGGGATTTCTCTCGTCGTGCTTTTCCTTGTTCTCTGTGTTTTGCCTTTTGTCCGGTGCAGGAGCAGAGCGGTCAGCCTTGGAGCGCTTGACCTCGCGCTCCTCAGTCTGTGCCTTGCGCTTTACCGGAGCCATGGCGAAGAAATCGTCACAATG	0	0	4	0	0	0	Eukaryota	NA	NA	NA	NA	NA		89	27	12	8	8	8
